{"cameraMode":{"drawMode":0,"name":"Shaded","section":"Shading Mode"},"sceneLighting":true,"audioPlay":false,"sceneViewState":{"showFog":true,"showMaterialUpdate":false,"showSkybox":true,"showFlares":true,"showImageEffects":true,"showParticleSystems":true},"in2DMode":false,"pivot":{"x":3.299999237060547,"y":3.200000762939453,"z":12.899999618530274},"rotation":{"x":0.07102587819099426,"y":-0.47741636633872988,"z":0.03875555098056793,"w":0.8749443888664246},"size":125.10848999023438,"orthographic":true}